{"Name": "Chandreyee Chowdhury", "Edu": {"0": {"id": 0, "college": "Jadavpur University", "degree": "Doctor of Philosophy (PhD)", "start": "2009 \u2013 2013"}, "1": {"id": 1, "college": "Jadavpur University", "degree": "Master's degree", "start": "2003 \u2013 2005"}, "2": {"id": 2, "college": "Institute of Engineering and Management (IEM)", "degree": "Bachelor of Technology (B.Tech.)", "start": "1999 \u2013 2003"}}, "Exp": {"0": {"id": 3, "designation": "Associate Professor", "company": "Jadavpur University", "dates_employed": "Sep 2006 \u2013 Present", "employ_duration": "13 yrs 9 mos"}, "1": {"id": 3, "designation": "Project Engineer", "company": "Wipro Technologies", "dates_employed": "Sep 2005 \u2013 Sep 2006", "employ_duration": "1 yr 1 mo"}}}